{
  "classname": null,
  "name": null,
  "animation": {
    "classname": null,
    "name": "AnimationManager",
    "actionlist": []
  },
  "dataScale": 1,
  "designHeight": 720,
  "designWidth": 1280,
  "textures": [],
  "texturesPng": [
    "7tianjianglibeijing.png",
    "lingquanniuliangse.png",
    "lingquanniuhuise.png",
    "guanbianniu.png",
    "wupinbeijingkuangjintian.png",
    "wupinbeijingkuangqita.png",
    "Date1 .png",
    "jiangliwupin.png",
    "yijinglingquguodetishi.png",
    "Date2.png",
    "Date3.png",
    "Date4.png",
    "Date5.png",
    "Date6.png",
    "Date7.png",
    "biaoti.png",
    "xuanzhuandebeijingguangquan.png",
    "beijingguangquan.png"
    "jiangliwupin.png",
    "quedinganniu.png",
    "shanliangdexingxing.png",
    "duihuanbeijing.png",
    "guanbianniu2.png",
    "huangjinshengbei.png",
    "chaojijinqiu.png",
    "guizeanniu.png",
    "99jiguanghuan.png",
    "huangjinshengbei.png",
    "duihuananniu.png",
    "guizebg.png",
    "guanbianniu2.png",
    "fankuibeijingkuang.png",
    "guanbianniu.png",
    "wenti1.png",
    "xuanzhonganniu.png",
    "wenti2.png",
    "wenti3.png",
    "wenti4.png",
    "wenti5.png",
    "wenti6.png",
    "wenti7.png",
    "wenti8.png",
    "wenti9.png",
    "yijianshurukuang.png",
    "youxiguanwanglianxifangshi.png",
    "fasonganniu.png"
  ],
  "version": "1.6.0.0",
  "widgetTree": {
    "classname": "Panel",
    "name": null,
    "children": [
      {
        "classname": "ImageView",
        "name": null,
        "children": [],
        "options": {
          "__type": "ImageViewSurrogate:#EditorCommon.JsonModel.Component.GUI",
          "classname": "ImageView",
          "name": "Image_1",
          "ZOrder": 0,
          "actiontag": 36411928,
          "anchorPointX": 0.5,
          "anchorPointY": 0.5,
          "classType": "CocoStudio.EngineAdapterWrap.CSImageView",
          "colorB": 255,
          "colorG": 255,
          "colorR": 255,
          "customProperty": "",
          "flipX": false,
          "flipY": false,
          "height": 720,
          "ignoreSize": true,
          "layoutParameter": null,
          "opacity": 255,
          "positionPercentX": 0.5,
          "positionPercentY": 0.5,
          "positionType": 1,
          "rotation": 0,
          "scaleX": 1,
          "scaleY": 1,
          "sizePercentX": 0.727343738,
          "sizePercentY": 1,
          "sizeType": 0,
          "tag": 552,
          "touchAble": false,
          "useMergedTexture": false,
          "visible": true,
          "width": 931,
          "x": 640,
          "y": 360,
          "capInsetsHeight": 1,
          "capInsetsWidth": 1,
          "capInsetsX": 0,
          "capInsetsY": 0,
          "fileName": null,
          "fileNameData": {
            "path": "fankuibeijingkuang.png",
            "plistFile": "",
            "resourceType": 0
          },
          "scale9Enable": false,
          "scale9Height": 720,
          "scale9Width": 931
        }
      },
      {
        "classname": "Button",
        "name": null,
        "children": [],
        "options": {
          "__type": "ButtonSurrogate:#EditorCommon.JsonModel.Component.GUI",
          "classname": "Button",
          "name": "closeButton",
          "ZOrder": 0,
          "actiontag": 168245,
          "anchorPointX": 0.5,
          "anchorPointY": 0.5,
          "classType": "CocoStudio.EngineAdapterWrap.CSButton",
          "colorB": 255,
          "colorG": 255,
          "colorR": 255,
          "customProperty": "",
          "flipX": false,
          "flipY": false,
          "height": 61,
          "ignoreSize": true,
          "layoutParameter": null,
          "opacity": 255,
          "positionPercentX": 0.836718738,
          "positionPercentY": 0.955555558,
          "positionType": 0,
          "rotation": 0,
          "scaleX": 1,
          "scaleY": 1,
          "sizePercentX": 0.0515625,
          "sizePercentY": 0.08472222,
          "sizeType": 0,
          "tag": 554,
          "touchAble": true,
          "useMergedTexture": false,
          "visible": true,
          "width": 66,
          "x": 1071,
          "y": 688,
          "capInsetsHeight": 1,
          "capInsetsWidth": 1,
          "capInsetsX": 0,
          "capInsetsY": 0,
          "disabled": null,
          "disabledData": {
            "path": null,
            "plistFile": null,
            "resourceType": 0
          },
          "fontName": "微软雅黑",
          "fontSize": 14,
          "fontType": 0,
          "normal": null,
          "normalData": {
            "path": "guanbianniu.png",
            "plistFile": "",
            "resourceType": 0
          },
          "pressed": null,
          "pressedData": {
            "path": null,
            "plistFile": null,
            "resourceType": 0
          },
          "scale9Enable": false,
          "scale9Height": 61,
          "scale9Width": 66,
          "text": "",
          "textColorB": 255,
          "textColorG": 255,
          "textColorR": 255
        }
      },
      {
        "classname": "CheckBox",
        "name": null,
        "children": [],
        "options": {
          "__type": "CheckBoxSurrogate:#EditorCommon.JsonModel.Component.GUI",
          "classname": "CheckBox",
          "name": "checkBox_1",
          "ZOrder": 0,
          "actiontag": 24697038,
          "anchorPointX": 0.5,
          "anchorPointY": 0.5,
          "classType": "CocoStudio.EngineAdapterWrap.CSCheckBox",
          "colorB": 255,
          "colorG": 255,
          "colorR": 255,
          "customProperty": "",
          "flipX": false,
          "flipY": false,
          "height": 90,
          "ignoreSize": true,
          "layoutParameter": null,
          "opacity": 255,
          "positionPercentX": 0.2828125,
          "positionPercentY": 0.8277778,
          "positionType": 0,
          "rotation": 0,
          "scaleX": 1,
          "scaleY": 1,
          "sizePercentX": 0.208593756,
          "sizePercentY": 0.125,
          "sizeType": 0,
          "tag": 561,
          "touchAble": true,
          "useMergedTexture": false,
          "visible": true,
          "width": 267,
          "x": 362,
          "y": 596,
          "backGroundBox": null,
          "backGroundBoxData": {
            "path": "wenti1.png",
            "plistFile": "",
            "resourceType": 0
          },
          "backGroundBoxDisabled": null,
          "backGroundBoxDisabledData": {
            "path": "wenti1.png",
            "plistFile": "",
            "resourceType": 0
          },
          "backGroundBoxSelected": null,
          "backGroundBoxSelectedData": {
            "path": "wenti1.png",
            "plistFile": "",
            "resourceType": 0
          },
          "frontCross": null,
          "frontCrossData": {
            "path": "xuanzhonganniu.png",
            "plistFile": "",
            "resourceType": 0
          },
          "frontCrossDisabled": null,
          "frontCrossDisabledData": {
            "path": "xuanzhonganniu.png",
            "plistFile": "",
            "resourceType": 0
          },
          "selectedState": true
        }
      },
      {
        "classname": "CheckBox",
        "name": null,
        "children": [],
        "options": {
          "__type": "CheckBoxSurrogate:#EditorCommon.JsonModel.Component.GUI",
          "classname": "CheckBox",
          "name": "checkBox_2",
          "ZOrder": 0,
          "actiontag": 40246421,
          "anchorPointX": 0.5,
          "anchorPointY": 0.5,
          "classType": "CocoStudio.EngineAdapterWrap.CSCheckBox",
          "colorB": 255,
          "colorG": 255,
          "colorR": 255,
          "customProperty": "",
          "flipX": false,
          "flipY": false,
          "height": 90,
          "ignoreSize": true,
          "layoutParameter": null,
          "opacity": 255,
          "positionPercentX": 0.49375,
          "positionPercentY": 0.8277778,
          "positionType": 0,
          "rotation": 0,
          "scaleX": 1,
          "scaleY": 1,
          "sizePercentX": 0.208593756,
          "sizePercentY": 0.125,
          "sizeType": 0,
          "tag": 562,
          "touchAble": true,
          "useMergedTexture": false,
          "visible": true,
          "width": 267,
          "x": 632,
          "y": 596,
          "backGroundBox": null,
          "backGroundBoxData": {
            "path": "wenti2.png",
            "plistFile": "",
            "resourceType": 0
          },
          "backGroundBoxDisabled": null,
          "backGroundBoxDisabledData": {
            "path": "wenti2.png",
            "plistFile": "",
            "resourceType": 0
          },
          "backGroundBoxSelected": null,
          "backGroundBoxSelectedData": {
            "path": "wenti2.png",
            "plistFile": "",
            "resourceType": 0
          },
          "frontCross": null,
          "frontCrossData": {
            "path": "xuanzhonganniu.png",
            "plistFile": "",
            "resourceType": 0
          },
          "frontCrossDisabled": null,
          "frontCrossDisabledData": {
            "path": "xuanzhonganniu.png",
            "plistFile": "",
            "resourceType": 0
          },
          "selectedState": true
        }
      },
      {
        "classname": "CheckBox",
        "name": null,
        "children": [],
        "options": {
          "__type": "CheckBoxSurrogate:#EditorCommon.JsonModel.Component.GUI",
          "classname": "CheckBox",
          "name": "checkBox_3",
          "ZOrder": 0,
          "actiontag": 17694464,
          "anchorPointX": 0.5,
          "anchorPointY": 0.5,
          "classType": "CocoStudio.EngineAdapterWrap.CSCheckBox",
          "colorB": 255,
          "colorG": 255,
          "colorR": 255,
          "customProperty": "",
          "flipX": false,
          "flipY": false,
          "height": 90,
          "ignoreSize": true,
          "layoutParameter": null,
          "opacity": 255,
          "positionPercentX": 0.7046875,
          "positionPercentY": 0.8277778,
          "positionType": 0,
          "rotation": 0,
          "scaleX": 1,
          "scaleY": 1,
          "sizePercentX": 0.208593756,
          "sizePercentY": 0.125,
          "sizeType": 0,
          "tag": 563,
          "touchAble": true,
          "useMergedTexture": false,
          "visible": true,
          "width": 267,
          "x": 902,
          "y": 596,
          "backGroundBox": null,
          "backGroundBoxData": {
            "path": "wenti3.png",
            "plistFile": "",
            "resourceType": 0
          },
          "backGroundBoxDisabled": null,
          "backGroundBoxDisabledData": {
            "path": "wenti3.png",
            "plistFile": "",
            "resourceType": 0
          },
          "backGroundBoxSelected": null,
          "backGroundBoxSelectedData": {
            "path": "wenti3.png",
            "plistFile": "",
            "resourceType": 0
          },
          "frontCross": null,
          "frontCrossData": {
            "path": "xuanzhonganniu.png",
            "plistFile": "",
            "resourceType": 0
          },
          "frontCrossDisabled": null,
          "frontCrossDisabledData": {
            "path": "xuanzhonganniu.png",
            "plistFile": "",
            "resourceType": 0
          },
          "selectedState": true
        }
      },
      {
        "classname": "CheckBox",
        "name": null,
        "children": [],
        "options": {
          "__type": "CheckBoxSurrogate:#EditorCommon.JsonModel.Component.GUI",
          "classname": "CheckBox",
          "name": "checkBox_4",
          "ZOrder": 0,
          "actiontag": 6711645,
          "anchorPointX": 0.5,
          "anchorPointY": 0.5,
          "classType": "CocoStudio.EngineAdapterWrap.CSCheckBox",
          "colorB": 255,
          "colorG": 255,
          "colorR": 255,
          "customProperty": "",
          "flipX": false,
          "flipY": false,
          "height": 90,
          "ignoreSize": true,
          "layoutParameter": null,
          "opacity": 255,
          "positionPercentX": 0.2828125,
          "positionPercentY": 0.69861114,
          "positionType": 0,
          "rotation": 0,
          "scaleX": 1,
          "scaleY": 1,
          "sizePercentX": 0.208593756,
          "sizePercentY": 0.125,
          "sizeType": 0,
          "tag": 564,
          "touchAble": true,
          "useMergedTexture": false,
          "visible": true,
          "width": 267,
          "x": 362,
          "y": 503,
          "backGroundBox": null,
          "backGroundBoxData": {
            "path": "wenti4.png",
            "plistFile": "",
            "resourceType": 0
          },
          "backGroundBoxDisabled": null,
          "backGroundBoxDisabledData": {
            "path": "wenti4.png",
            "plistFile": "",
            "resourceType": 0
          },
          "backGroundBoxSelected": null,
          "backGroundBoxSelectedData": {
            "path": "wenti4.png",
            "plistFile": "",
            "resourceType": 0
          },
          "frontCross": null,
          "frontCrossData": {
            "path": "xuanzhonganniu.png",
            "plistFile": "",
            "resourceType": 0
          },
          "frontCrossDisabled": null,
          "frontCrossDisabledData": {
            "path": "xuanzhonganniu.png",
            "plistFile": "",
            "resourceType": 0
          },
          "selectedState": true
        }
      },
      {
        "classname": "CheckBox",
        "name": null,
        "children": [],
        "options": {
          "__type": "CheckBoxSurrogate:#EditorCommon.JsonModel.Component.GUI",
          "classname": "CheckBox",
          "name": "checkBox_5",
          "ZOrder": 0,
          "actiontag": 26548520,
          "anchorPointX": 0.5,
          "anchorPointY": 0.5,
          "classType": "CocoStudio.EngineAdapterWrap.CSCheckBox",
          "colorB": 255,
          "colorG": 255,
          "colorR": 255,
          "customProperty": "",
          "flipX": false,
          "flipY": false,
          "height": 90,
          "ignoreSize": true,
          "layoutParameter": null,
          "opacity": 255,
          "positionPercentX": 0.49375,
          "positionPercentY": 0.69861114,
          "positionType": 0,
          "rotation": 0,
          "scaleX": 1,
          "scaleY": 1,
          "sizePercentX": 0.208593756,
          "sizePercentY": 0.125,
          "sizeType": 0,
          "tag": 565,
          "touchAble": true,
          "useMergedTexture": false,
          "visible": true,
          "width": 267,
          "x": 632,
          "y": 503,
          "backGroundBox": null,
          "backGroundBoxData": {
            "path": "wenti5.png",
            "plistFile": "",
            "resourceType": 0
          },
          "backGroundBoxDisabled": null,
          "backGroundBoxDisabledData": {
            "path": "wenti5.png",
            "plistFile": "",
            "resourceType": 0
          },
          "backGroundBoxSelected": null,
          "backGroundBoxSelectedData": {
            "path": "wenti5.png",
            "plistFile": "",
            "resourceType": 0
          },
          "frontCross": null,
          "frontCrossData": {
            "path": "xuanzhonganniu.png",
            "plistFile": "",
            "resourceType": 0
          },
          "frontCrossDisabled": null,
          "frontCrossDisabledData": {
            "path": "xuanzhonganniu.png",
            "plistFile": "",
            "resourceType": 0
          },
          "selectedState": true
        }
      },
      {
        "classname": "CheckBox",
        "name": null,
        "children": [],
        "options": {
          "__type": "CheckBoxSurrogate:#EditorCommon.JsonModel.Component.GUI",
          "classname": "CheckBox",
          "name": "checkBox_6",
          "ZOrder": 0,
          "actiontag": 2106836,
          "anchorPointX": 0.5,
          "anchorPointY": 0.5,
          "classType": "CocoStudio.EngineAdapterWrap.CSCheckBox",
          "colorB": 255,
          "colorG": 255,
          "colorR": 255,
          "customProperty": "",
          "flipX": false,
          "flipY": false,
          "height": 90,
          "ignoreSize": true,
          "layoutParameter": null,
          "opacity": 255,
          "positionPercentX": 0.7046875,
          "positionPercentY": 0.69861114,
          "positionType": 0,
          "rotation": 0,
          "scaleX": 1,
          "scaleY": 1,
          "sizePercentX": 0.208593756,
          "sizePercentY": 0.125,
          "sizeType": 0,
          "tag": 566,
          "touchAble": true,
          "useMergedTexture": false,
          "visible": true,
          "width": 267,
          "x": 902,
          "y": 503,
          "backGroundBox": null,
          "backGroundBoxData": {
            "path": "wenti6.png",
            "plistFile": "",
            "resourceType": 0
          },
          "backGroundBoxDisabled": null,
          "backGroundBoxDisabledData": {
            "path": "wenti6.png",
            "plistFile": "",
            "resourceType": 0
          },
          "backGroundBoxSelected": null,
          "backGroundBoxSelectedData": {
            "path": "wenti6.png",
            "plistFile": "",
            "resourceType": 0
          },
          "frontCross": null,
          "frontCrossData": {
            "path": "xuanzhonganniu.png",
            "plistFile": "",
            "resourceType": 0
          },
          "frontCrossDisabled": null,
          "frontCrossDisabledData": {
            "path": "xuanzhonganniu.png",
            "plistFile": "",
            "resourceType": 0
          },
          "selectedState": true
        }
      },
      {
        "classname": "CheckBox",
        "name": null,
        "children": [],
        "options": {
          "__type": "CheckBoxSurrogate:#EditorCommon.JsonModel.Component.GUI",
          "classname": "CheckBox",
          "name": "checkBox_7",
          "ZOrder": 0,
          "actiontag": 38026913,
          "anchorPointX": 0.5,
          "anchorPointY": 0.5,
          "classType": "CocoStudio.EngineAdapterWrap.CSCheckBox",
          "colorB": 255,
          "colorG": 255,
          "colorR": 255,
          "customProperty": "",
          "flipX": false,
          "flipY": false,
          "height": 90,
          "ignoreSize": true,
          "layoutParameter": null,
          "opacity": 255,
          "positionPercentX": 0.2828125,
          "positionPercentY": 0.5694444,
          "positionType": 0,
          "rotation": 0,
          "scaleX": 1,
          "scaleY": 1,
          "sizePercentX": 0.208593756,
          "sizePercentY": 0.125,
          "sizeType": 0,
          "tag": 567,
          "touchAble": true,
          "useMergedTexture": false,
          "visible": true,
          "width": 267,
          "x": 362,
          "y": 410,
          "backGroundBox": null,
          "backGroundBoxData": {
            "path": "wenti7.png",
            "plistFile": "",
            "resourceType": 0
          },
          "backGroundBoxDisabled": null,
          "backGroundBoxDisabledData": {
            "path": "wenti7.png",
            "plistFile": "",
            "resourceType": 0
          },
          "backGroundBoxSelected": null,
          "backGroundBoxSelectedData": {
            "path": "wenti7.png",
            "plistFile": "",
            "resourceType": 0
          },
          "frontCross": null,
          "frontCrossData": {
            "path": "xuanzhonganniu.png",
            "plistFile": "",
            "resourceType": 0
          },
          "frontCrossDisabled": null,
          "frontCrossDisabledData": {
            "path": "xuanzhonganniu.png",
            "plistFile": "",
            "resourceType": 0
          },
          "selectedState": true
        }
      },
      {
        "classname": "CheckBox",
        "name": null,
        "children": [],
        "options": {
          "__type": "CheckBoxSurrogate:#EditorCommon.JsonModel.Component.GUI",
          "classname": "CheckBox",
          "name": "checkBox_8",
          "ZOrder": 0,
          "actiontag": 41687570,
          "anchorPointX": 0.5,
          "anchorPointY": 0.5,
          "classType": "CocoStudio.EngineAdapterWrap.CSCheckBox",
          "colorB": 255,
          "colorG": 255,
          "colorR": 255,
          "customProperty": "",
          "flipX": false,
          "flipY": false,
          "height": 90,
          "ignoreSize": true,
          "layoutParameter": null,
          "opacity": 255,
          "positionPercentX": 0.49375,
          "positionPercentY": 0.5694444,
          "positionType": 0,
          "rotation": 0,
          "scaleX": 1,
          "scaleY": 1,
          "sizePercentX": 0.208593756,
          "sizePercentY": 0.125,
          "sizeType": 0,
          "tag": 568,
          "touchAble": true,
          "useMergedTexture": false,
          "visible": true,
          "width": 267,
          "x": 632,
          "y": 410,
          "backGroundBox": null,
          "backGroundBoxData": {
            "path": "wenti8.png",
            "plistFile": "",
            "resourceType": 0
          },
          "backGroundBoxDisabled": null,
          "backGroundBoxDisabledData": {
            "path": "wenti8.png",
            "plistFile": "",
            "resourceType": 0
          },
          "backGroundBoxSelected": null,
          "backGroundBoxSelectedData": {
            "path": "wenti8.png",
            "plistFile": "",
            "resourceType": 0
          },
          "frontCross": null,
          "frontCrossData": {
            "path": "xuanzhonganniu.png",
            "plistFile": "",
            "resourceType": 0
          },
          "frontCrossDisabled": null,
          "frontCrossDisabledData": {
            "path": "xuanzhonganniu.png",
            "plistFile": "",
            "resourceType": 0
          },
          "selectedState": true
        }
      },
      {
        "classname": "CheckBox",
        "name": null,
        "children": [],
        "options": {
          "__type": "CheckBoxSurrogate:#EditorCommon.JsonModel.Component.GUI",
          "classname": "CheckBox",
          "name": "checkBox_9",
          "ZOrder": 0,
          "actiontag": 35985242,
          "anchorPointX": 0.5,
          "anchorPointY": 0.5,
          "classType": "CocoStudio.EngineAdapterWrap.CSCheckBox",
          "colorB": 255,
          "colorG": 255,
          "colorR": 255,
          "customProperty": "",
          "flipX": false,
          "flipY": false,
          "height": 90,
          "ignoreSize": true,
          "layoutParameter": null,
          "opacity": 255,
          "positionPercentX": 0.7046875,
          "positionPercentY": 0.5694444,
          "positionType": 0,
          "rotation": 0,
          "scaleX": 1,
          "scaleY": 1,
          "sizePercentX": 0.208593756,
          "sizePercentY": 0.125,
          "sizeType": 0,
          "tag": 569,
          "touchAble": true,
          "useMergedTexture": false,
          "visible": true,
          "width": 267,
          "x": 902,
          "y": 410,
          "backGroundBox": null,
          "backGroundBoxData": {
            "path": "wenti9.png",
            "plistFile": "",
            "resourceType": 0
          },
          "backGroundBoxDisabled": null,
          "backGroundBoxDisabledData": {
            "path": "wenti9.png",
            "plistFile": "",
            "resourceType": 0
          },
          "backGroundBoxSelected": null,
          "backGroundBoxSelectedData": {
            "path": "wenti9.png",
            "plistFile": "",
            "resourceType": 0
          },
          "frontCross": null,
          "frontCrossData": {
            "path": "xuanzhonganniu.png",
            "plistFile": "",
            "resourceType": 0
          },
          "frontCrossDisabled": null,
          "frontCrossDisabledData": {
            "path": "xuanzhonganniu.png",
            "plistFile": "",
            "resourceType": 0
          },
          "selectedState": true
        }
      },
      {
        "classname": "Label",
        "name": null,
        "children": [],
        "options": {
          "__type": "LabelSurrogate:#EditorCommon.JsonModel.Component.GUI",
          "classname": "Label",
          "name": "Label_19",
          "ZOrder": 0,
          "actiontag": 15811311,
          "anchorPointX": 0.5,
          "anchorPointY": 0.5,
          "classType": "CocoStudio.EngineAdapterWrap.CSLabel",
          "colorB": 0,
          "colorG": 0,
          "colorR": 0,
          "customProperty": "",
          "flipX": false,
          "flipY": false,
          "height": 36,
          "ignoreSize": true,
          "layoutParameter": null,
          "opacity": 255,
          "positionPercentX": 0.26875,
          "positionPercentY": 0.477777779,
          "positionType": 0,
          "rotation": 0,
          "scaleX": 1,
          "scaleY": 1,
          "sizePercentX": 0.109375,
          "sizePercentY": 0.05,
          "sizeType": 0,
          "tag": 570,
          "touchAble": false,
          "useMergedTexture": false,
          "visible": true,
          "width": 140,
          "x": 344,
          "y": 344,
          "areaHeight": 0,
          "areaWidth": 0,
          "fontFile": null,
          "fontName": "微软雅黑",
          "fontSize": 28,
          "hAlignment": 0,
          "text": "其他意见：",
          "touchScaleEnable": false,
          "vAlignment": 0
        }
      },
      {
        "classname": "TextField",
        "name": null,
        "children": [],
        "options": {
          "__type": "TextFieldSurrogate:#EditorCommon.JsonModel.Component.GUI",
          "classname": "TextField",
          "name": "textField",
          "ZOrder": 1,
          "actiontag": 28169386,
          "anchorPointX": 0.5,
          "anchorPointY": 0.5,
          "classType": "CocoStudio.EngineAdapterWrap.CSTextField",
          "colorB": 0,
          "colorG": 0,
          "colorR": 0,
          "customProperty": "",
          "flipX": false,
          "flipY": false,
          "height": 130,
          "ignoreSize": false,
          "layoutParameter": null,
          "opacity": 255,
          "positionPercentX": 0.494823873,
          "positionPercentY": 0.333333343,
          "positionType": 1,
          "rotation": 0,
          "scaleX": 1,
          "scaleY": 1,
          "sizePercentX": 0.546875,
          "sizePercentY": 0.180555552,
          "sizeType": 0,
          "tag": 571,
          "touchAble": true,
          "useMergedTexture": false,
          "visible": true,
          "width": 700,
          "x": 633,
          "y": 240,
          "areaHeight": 130,
          "areaWidth": 700,
          "fontFile": null,
          "fontName": "微软雅黑",
          "fontSize": 24,
          "maxLength": 100,
          "maxLengthEnable": true,
          "passwordEnable": false,
          "passwordStyleText": "*",
          "placeHolder": "",
          "text": ""
        }
      },
      {
        "classname": "ImageView",
        "name": null,
        "children": [],
        "options": {
          "__type": "ImageViewSurrogate:#EditorCommon.JsonModel.Component.GUI",
          "classname": "ImageView",
          "name": "Image_21",
          "ZOrder": 0,
          "actiontag": 25676589,
          "anchorPointX": 0.5,
          "anchorPointY": 0.5,
          "classType": "CocoStudio.EngineAdapterWrap.CSImageView",
          "colorB": 255,
          "colorG": 255,
          "colorR": 255,
          "customProperty": "",
          "flipX": false,
          "flipY": false,
          "height": 159,
          "ignoreSize": true,
          "layoutParameter": null,
          "opacity": 255,
          "positionPercentX": 0.494531244,
          "positionPercentY": 0.331944436,
          "positionType": 0,
          "rotation": 0,
          "scaleX": 1,
          "scaleY": 1,
          "sizePercentX": 0.5734375,
          "sizePercentY": 0.220833331,
          "sizeType": 0,
          "tag": 572,
          "touchAble": false,
          "useMergedTexture": false,
          "visible": true,
          "width": 734,
          "x": 633,
          "y": 239,
          "capInsetsHeight": 1,
          "capInsetsWidth": 1,
          "capInsetsX": 0,
          "capInsetsY": 0,
          "fileName": null,
          "fileNameData": {
            "path": "yijianshurukuang.png",
            "plistFile": "",
            "resourceType": 0
          },
          "scale9Enable": false,
          "scale9Height": 159,
          "scale9Width": 734
        }
      },
      {
        "classname": "ImageView",
        "name": null,
        "children": [],
        "options": {
          "__type": "ImageViewSurrogate:#EditorCommon.JsonModel.Component.GUI",
          "classname": "ImageView",
          "name": "Image_22",
          "ZOrder": 0,
          "actiontag": 12394989,
          "anchorPointX": 0.5,
          "anchorPointY": 0.5,
          "classType": "CocoStudio.EngineAdapterWrap.CSImageView",
          "colorB": 255,
          "colorG": 255,
          "colorR": 255,
          "customProperty": "",
          "flipX": false,
          "flipY": false,
          "height": 111,
          "ignoreSize": true,
          "layoutParameter": null,
          "opacity": 255,
          "positionPercentX": 0.3734375,
          "positionPercentY": 0.148611113,
          "positionType": 0,
          "rotation": 0,
          "scaleX": 1,
          "scaleY": 1,
          "sizePercentX": 0.364843756,
          "sizePercentY": 0.154166669,
          "sizeType": 0,
          "tag": 573,
          "touchAble": false,
          "useMergedTexture": false,
          "visible": true,
          "width": 467,
          "x": 478,
          "y": 107,
          "capInsetsHeight": 1,
          "capInsetsWidth": 1,
          "capInsetsX": 0,
          "capInsetsY": 0,
          "fileName": null,
          "fileNameData": {
            "path": "youxiguanwanglianxifangshi.png",
            "plistFile": "",
            "resourceType": 0
          },
          "scale9Enable": false,
          "scale9Height": 111,
          "scale9Width": 467
        }
      },
      {
        "classname": "Button",
        "name": null,
        "children": [],
        "options": {
          "__type": "ButtonSurrogate:#EditorCommon.JsonModel.Component.GUI",
          "classname": "Button",
          "name": "sendButton",
          "ZOrder": 0,
          "actiontag": 20949768,
          "anchorPointX": 0.5,
          "anchorPointY": 0.5,
          "classType": "CocoStudio.EngineAdapterWrap.CSButton",
          "colorB": 255,
          "colorG": 255,
          "colorR": 255,
          "customProperty": "",
          "flipX": false,
          "flipY": false,
          "height": 77,
          "ignoreSize": true,
          "layoutParameter": null,
          "opacity": 255,
          "positionPercentX": 0.69375,
          "positionPercentY": 0.12083333,
          "positionType": 0,
          "rotation": 0,
          "scaleX": 1,
          "scaleY": 1,
          "sizePercentX": 0.1640625,
          "sizePercentY": 0.106944442,
          "sizeType": 0,
          "tag": 575,
          "touchAble": true,
          "useMergedTexture": false,
          "visible": true,
          "width": 210,
          "x": 888,
          "y": 87,
          "capInsetsHeight": 1,
          "capInsetsWidth": 1,
          "capInsetsX": 0,
          "capInsetsY": 0,
          "disabled": null,
          "disabledData": {
            "path": null,
            "plistFile": null,
            "resourceType": 0
          },
          "fontName": "微软雅黑",
          "fontSize": 14,
          "fontType": 0,
          "normal": null,
          "normalData": {
            "path": "fasonganniu.png",
            "plistFile": "",
            "resourceType": 0
          },
          "pressed": null,
          "pressedData": {
            "path": null,
            "plistFile": null,
            "resourceType": 0
          },
          "scale9Enable": false,
          "scale9Height": 77,
          "scale9Width": 210,
          "text": "",
          "textColorB": 255,
          "textColorG": 255,
          "textColorR": 255
        }
      },
      {
        "classname": "Label",
        "name": null,
        "children": [],
        "options": {
          "__type": "LabelSurrogate:#EditorCommon.JsonModel.Component.GUI",
          "classname": "Label",
          "name": "countLabel",
          "ZOrder": 0,
          "actiontag": 64907811,
          "anchorPointX": 0.5,
          "anchorPointY": 0.5,
          "classType": "CocoStudio.EngineAdapterWrap.CSLabel",
          "colorB": 25,
          "colorG": 25,
          "colorR": 25,
          "customProperty": "",
          "flipX": false,
          "flipY": false,
          "height": 30,
          "ignoreSize": true,
          "layoutParameter": null,
          "opacity": 255,
          "positionPercentX": 0.734375,
          "positionPercentY": 0.2013889,
          "positionType": 0,
          "rotation": 0,
          "scaleX": 1,
          "scaleY": 1,
          "sizePercentX": 0.0578125,
          "sizePercentY": 0.0416666679,
          "sizeType": 0,
          "tag": 576,
          "touchAble": false,
          "useMergedTexture": false,
          "visible": true,
          "width": 74,
          "x": 940,
          "y": 145,
          "areaHeight": 0,
          "areaWidth": 0,
          "fontFile": null,
          "fontName": "微软雅黑",
          "fontSize": 22,
          "hAlignment": 0,
          "text": "10/100",
          "touchScaleEnable": false,
          "vAlignment": 0
        }
      },
      {
        "classname": "Label",
        "name": null,
        "children": [],
        "options": {
          "__type": "LabelSurrogate:#EditorCommon.JsonModel.Component.GUI",
          "classname": "Label",
          "name": "Label_25_0",
          "ZOrder": 0,
          "actiontag": 60074986,
          "anchorPointX": 0.5,
          "anchorPointY": 0.5,
          "classType": "CocoStudio.EngineAdapterWrap.CSLabel",
          "colorB": 25,
          "colorG": 25,
          "colorR": 25,
          "customProperty": "",
          "flipX": false,
          "flipY": false,
          "height": 30,
          "ignoreSize": true,
          "layoutParameter": null,
          "opacity": 255,
          "positionPercentX": 0.655468762,
          "positionPercentY": 0.2013889,
          "positionType": 0,
          "rotation": 0,
          "scaleX": 1,
          "scaleY": 1,
          "sizePercentX": 0.06875,
          "sizePercentY": 0.0416666679,
          "sizeType": 0,
          "tag": 578,
          "touchAble": false,
          "useMergedTexture": false,
          "visible": true,
          "width": 88,
          "x": 839,
          "y": 145,
          "areaHeight": 0,
          "areaWidth": 0,
          "fontFile": null,
          "fontName": "微软雅黑",
          "fontSize": 22,
          "hAlignment": 0,
          "text": "已输入：",
          "touchScaleEnable": false,
          "vAlignment": 0
        }
      }
    ],
    "options": {
      "__type": "PanelSurrogate:#EditorCommon.JsonModel.Component.GUI",
      "classname": "Panel",
      "name": "Panel_5",
      "ZOrder": 0,
      "actiontag": -1,
      "anchorPointX": 0,
      "anchorPointY": 0,
      "classType": "CocoStudio.EngineAdapterWrap.CSPanel",
      "colorB": 255,
      "colorG": 255,
      "colorR": 255,
      "customProperty": "",
      "flipX": false,
      "flipY": false,
      "height": 720,
      "ignoreSize": false,
      "layoutParameter": null,
      "opacity": 255,
      "positionPercentX": 0,
      "positionPercentY": 0,
      "positionType": 0,
      "rotation": 0,
      "scaleX": 1,
      "scaleY": 1,
      "sizePercentX": 1,
      "sizePercentY": 1,
      "sizeType": 0,
      "tag": 551,
      "touchAble": true,
      "useMergedTexture": false,
      "visible": true,
      "width": 1280,
      "x": 0,
      "y": 0,
      "adaptScreen": false,
      "backGroundImage": null,
      "backGroundImageData": null,
      "backGroundScale9Enable": false,
      "bgColorB": 255,
      "bgColorG": 200,
      "bgColorOpacity": 0,
      "bgColorR": 150,
      "bgEndColorB": 255,
      "bgEndColorG": 200,
      "bgEndColorR": 150,
      "bgStartColorB": 255,
      "bgStartColorG": 255,
      "bgStartColorR": 255,
      "capInsetsHeight": 1,
      "capInsetsWidth": 1,
      "capInsetsX": 0,
      "capInsetsY": 0,
      "clipAble": false,
      "colorType": 1,
      "layoutType": 0,
      "vectorX": 0,
      "vectorY": -0.5
    }
  }
}