{
  "classname": null,
  "name": null,
  "animation": {
    "classname": null,
    "name": "AnimationManager",
    "actionlist": []
  },
  "dataScale": 1,
  "designHeight": 720,
  "designWidth": 1280,
  "textures": [],
  "texturesPng": [
    "7tianjianglibeijing.png",
    "lingquanniuliangse.png",
    "lingquanniuhuise.png",
    "guanbianniu.png",
    "wupinbeijingkuangjintian.png",
    "wupinbeijingkuangqita.png",
    "Date1 .png",
    "jiangliwupin.png",
    "yijinglingquguodetishi.png",
    "Date2.png",
    "Date3.png",
    "Date4.png",
    "Date5.png",
    "Date6.png",
    "Date7.png",
    "biaoti.png",
    "xuanzhuandebeijingguangquan.png",
    "beijingguangquan.png",
    "jiangliwupin.png",
    "quedinganniu.png",
    "shanliangdexingxing.png",
    "duihuanbeijing.png",
    "guanbianniu2.png",
    "huangjinshengbei.png",
    "chaojijinqiu.png",
    "guizeanniu.png",
    "99jiguanghuan.png",
    "huangjinshengbei.png",
    "duihuananniu.png",
    "guizebg.png",
    "guanbianniu2.png",
    "fankuibeijingkuang.png",
    "guanbianniu.png",
    "wenti1.png",
    "xuanzhonganniu.png",
    "wenti2.png",
    "wenti3.png",
    "wenti4.png",
    "wenti5.png",
    "wenti6.png",
    "wenti7.png",
    "wenti8.png",
    "wenti9.png",
    "yijianshurukuang.png",
    "youxiguanwanglianxifangshi.png",
    "fasonganniu.png",
    "tishibeijingkuang.png",
    "tishiquedinganniu.png",
    "rank/beijingtupian.png",
    "rank/guanbianniu.png",
    "rank/huangjinaniuweixuanzhong.png",
    "rank/huangjinaniuyixuanzhong.png",
    "rank/duanweianniuweixuanzhong.png",
    "rank/duanweianniuyixuanzhong.png",
    "rank/fuwenaniuweixuanzhong.png",
    "rank/fuwenaniuyixuanzhong.png"
  ],
  "version": "1.6.0.0",
  "widgetTree": {
    "classname": "Panel",
    "name": null,
    "children": [
      {
        "classname": "ImageView",
        "name": null,
        "children": [],
        "options": {
          "__type": "ImageViewSurrogate:#EditorCommon.JsonModel.Component.GUI",
          "classname": "ImageView",
          "name": "Image_2",
          "ZOrder": 0,
          "actiontag": 63718581,
          "anchorPointX": 0.5,
          "anchorPointY": 0.5,
          "classType": "CocoStudio.EngineAdapterWrap.CSImageView",
          "colorB": 255,
          "colorG": 255,
          "colorR": 255,
          "customProperty": "",
          "flipX": false,
          "flipY": false,
          "height": 720,
          "ignoreSize": true,
          "layoutParameter": null,
          "opacity": 255,
          "positionPercentX": 0.5,
          "positionPercentY": 0.5,
          "positionType": 1,
          "rotation": 0,
          "scaleX": 1,
          "scaleY": 1,
          "sizePercentX": 1,
          "sizePercentY": 1,
          "sizeType": 0,
          "tag": 586,
          "touchAble": false,
          "useMergedTexture": false,
          "visible": true,
          "width": 1280,
          "x": 640,
          "y": 360,
          "capInsetsHeight": 1,
          "capInsetsWidth": 1,
          "capInsetsX": 0,
          "capInsetsY": 0,
          "fileName": null,
          "fileNameData": {
            "path": "rank/beijingtupian.png",
            "plistFile": "",
            "resourceType": 0
          },
          "scale9Enable": false,
          "scale9Height": 720,
          "scale9Width": 1280
        }
      },
      {
        "classname": "Button",
        "name": null,
        "children": [],
        "options": {
          "__type": "ButtonSurrogate:#EditorCommon.JsonModel.Component.GUI",
          "classname": "Button",
          "name": "closeButton",
          "ZOrder": 0,
          "actiontag": 32893168,
          "anchorPointX": 0.5,
          "anchorPointY": 0.5,
          "classType": "CocoStudio.EngineAdapterWrap.CSButton",
          "colorB": 255,
          "colorG": 255,
          "colorR": 255,
          "customProperty": "",
          "flipX": false,
          "flipY": false,
          "height": 69,
          "ignoreSize": true,
          "layoutParameter": null,
          "opacity": 255,
          "positionPercentX": 0.96990335,
          "positionPercentY": 0.948913157,
          "positionType": 1,
          "rotation": 0,
          "scaleX": 1,
          "scaleY": 1,
          "sizePercentX": 0.05546875,
          "sizePercentY": 0.09583333,
          "sizeType": 0,
          "tag": 587,
          "touchAble": true,
          "useMergedTexture": false,
          "visible": true,
          "width": 71,
          "x": 1241,
          "y": 683,
          "capInsetsHeight": 1,
          "capInsetsWidth": 1,
          "capInsetsX": 0,
          "capInsetsY": 0,
          "disabled": null,
          "disabledData": {
            "path": null,
            "plistFile": null,
            "resourceType": 0
          },
          "fontName": "微软雅黑",
          "fontSize": 14,
          "fontType": 0,
          "normal": null,
          "normalData": {
            "path": "rank/guanbianniu.png",
            "plistFile": "",
            "resourceType": 0
          },
          "pressed": null,
          "pressedData": {
            "path": null,
            "plistFile": null,
            "resourceType": 0
          },
          "scale9Enable": false,
          "scale9Height": 69,
          "scale9Width": 71,
          "text": "",
          "textColorB": 255,
          "textColorG": 255,
          "textColorR": 255
        }
      },
      {
        "classname": "Button",
        "name": null,
        "children": [],
        "options": {
          "__type": "ButtonSurrogate:#EditorCommon.JsonModel.Component.GUI",
          "classname": "Button",
          "name": "typeButton3",
          "ZOrder": 0,
          "actiontag": 63260272,
          "anchorPointX": 0.5,
          "anchorPointY": 0.5,
          "classType": "CocoStudio.EngineAdapterWrap.CSButton",
          "colorB": 255,
          "colorG": 255,
          "colorR": 255,
          "customProperty": "",
          "flipX": false,
          "flipY": false,
          "height": 75,
          "ignoreSize": true,
          "layoutParameter": null,
          "opacity": 255,
          "positionPercentX": 0.4046875,
          "positionPercentY": 0.8263889,
          "positionType": 0,
          "rotation": 0,
          "scaleX": 1,
          "scaleY": 1,
          "sizePercentX": 0.140625,
          "sizePercentY": 0.104166664,
          "sizeType": 0,
          "tag": 588,
          "touchAble": true,
          "useMergedTexture": false,
          "visible": true,
          "width": 180,
          "x": 518,
          "y": 595,
          "capInsetsHeight": 1,
          "capInsetsWidth": 1,
          "capInsetsX": 0,
          "capInsetsY": 0,
          "disabled": null,
          "disabledData": {
            "path": "rank/huangjinaniuyixuanzhong.png",
            "plistFile": "",
            "resourceType": 0
          },
          "fontName": "微软雅黑",
          "fontSize": 14,
          "fontType": 0,
          "normal": null,
          "normalData": {
            "path": "rank/huangjinaniuweixuanzhong.png",
            "plistFile": "",
            "resourceType": 0
          },
          "pressed": null,
          "pressedData": {
            "path": null,
            "plistFile": null,
            "resourceType": 0
          },
          "scale9Enable": false,
          "scale9Height": 75,
          "scale9Width": 180,
          "text": "",
          "textColorB": 255,
          "textColorG": 255,
          "textColorR": 255
        }
      },
      {
        "classname": "Button",
        "name": null,
        "children": [],
        "options": {
          "__type": "ButtonSurrogate:#EditorCommon.JsonModel.Component.GUI",
          "classname": "Button",
          "name": "typeButton1",
          "ZOrder": 0,
          "actiontag": 33579002,
          "anchorPointX": 0.5,
          "anchorPointY": 0.5,
          "classType": "CocoStudio.EngineAdapterWrap.CSButton",
          "colorB": 255,
          "colorG": 255,
          "colorR": 255,
          "customProperty": "",
          "flipX": false,
          "flipY": false,
          "height": 75,
          "ignoreSize": true,
          "layoutParameter": null,
          "opacity": 255,
          "positionPercentX": 0.124218747,
          "positionPercentY": 0.8277778,
          "positionType": 0,
          "rotation": 0,
          "scaleX": 1,
          "scaleY": 1,
          "sizePercentX": 0.140625,
          "sizePercentY": 0.104166664,
          "sizeType": 0,
          "tag": 590,
          "touchAble": true,
          "useMergedTexture": false,
          "visible": true,
          "width": 180,
          "x": 159,
          "y": 596,
          "capInsetsHeight": 1,
          "capInsetsWidth": 1,
          "capInsetsX": 0,
          "capInsetsY": 0,
          "disabled": null,
          "disabledData": {
            "path": "rank/duanweianniuyixuanzhong.png",
            "plistFile": "",
            "resourceType": 0
          },
          "fontName": "微软雅黑",
          "fontSize": 14,
          "fontType": 0,
          "normal": null,
          "normalData": {
            "path": "rank/duanweianniuweixuanzhong.png",
            "plistFile": "",
            "resourceType": 0
          },
          "pressed": null,
          "pressedData": {
            "path": null,
            "plistFile": null,
            "resourceType": 0
          },
          "scale9Enable": false,
          "scale9Height": 75,
          "scale9Width": 180,
          "text": "",
          "textColorB": 255,
          "textColorG": 255,
          "textColorR": 255
        }
      },
      {
        "classname": "Button",
        "name": null,
        "children": [],
        "options": {
          "__type": "ButtonSurrogate:#EditorCommon.JsonModel.Component.GUI",
          "classname": "Button",
          "name": "typeButton2",
          "ZOrder": 0,
          "actiontag": 28810466,
          "anchorPointX": 0.5,
          "anchorPointY": 0.5,
          "classType": "CocoStudio.EngineAdapterWrap.CSButton",
          "colorB": 255,
          "colorG": 255,
          "colorR": 255,
          "customProperty": "",
          "flipX": false,
          "flipY": false,
          "height": 75,
          "ignoreSize": true,
          "layoutParameter": null,
          "opacity": 255,
          "positionPercentX": 0.264843762,
          "positionPercentY": 0.8277778,
          "positionType": 0,
          "rotation": 0,
          "scaleX": 1,
          "scaleY": 1,
          "sizePercentX": 0.140625,
          "sizePercentY": 0.104166664,
          "sizeType": 0,
          "tag": 591,
          "touchAble": true,
          "useMergedTexture": false,
          "visible": true,
          "width": 180,
          "x": 339,
          "y": 596,
          "capInsetsHeight": 1,
          "capInsetsWidth": 1,
          "capInsetsX": 0,
          "capInsetsY": 0,
          "disabled": null,
          "disabledData": {
            "path": "rank/fuwenaniuyixuanzhong.png",
            "plistFile": "",
            "resourceType": 0
          },
          "fontName": "微软雅黑",
          "fontSize": 14,
          "fontType": 0,
          "normal": null,
          "normalData": {
            "path": "rank/fuwenaniuweixuanzhong.png",
            "plistFile": "",
            "resourceType": 0
          },
          "pressed": null,
          "pressedData": {
            "path": null,
            "plistFile": null,
            "resourceType": 0
          },
          "scale9Enable": false,
          "scale9Height": 75,
          "scale9Width": 180,
          "text": "",
          "textColorB": 255,
          "textColorG": 255,
          "textColorR": 255
        }
      },
      {
        "classname": "Label",
        "name": null,
        "children": [],
        "options": {
          "__type": "LabelSurrogate:#EditorCommon.JsonModel.Component.GUI",
          "classname": "Label",
          "name": "typeLabel1",
          "ZOrder": 0,
          "actiontag": 51476046,
          "anchorPointX": 0.5,
          "anchorPointY": 0.5,
          "classType": "CocoStudio.EngineAdapterWrap.CSLabel",
          "colorB": 147,
          "colorG": 191,
          "colorR": 152,
          "customProperty": "",
          "flipX": false,
          "flipY": false,
          "height": 39,
          "ignoreSize": true,
          "layoutParameter": null,
          "opacity": 255,
          "positionPercentX": 0.8484375,
          "positionPercentY": 0.7375,
          "positionType": 0,
          "rotation": 0,
          "scaleX": 1,
          "scaleY": 1,
          "sizePercentX": 0.046875,
          "sizePercentY": 0.0541666672,
          "sizeType": 0,
          "tag": 592,
          "touchAble": false,
          "useMergedTexture": false,
          "visible": true,
          "width": 60,
          "x": 1086,
          "y": 531,
          "areaHeight": 0,
          "areaWidth": 0,
          "fontFile": null,
          "fontName": "微软雅黑",
          "fontSize": 30,
          "hAlignment": 0,
          "text": "段位",
          "touchScaleEnable": false,
          "vAlignment": 0
        }
      },
      {
        "classname": "Label",
        "name": null,
        "children": [],
        "options": {
          "__type": "LabelSurrogate:#EditorCommon.JsonModel.Component.GUI",
          "classname": "Label",
          "name": "Label_8_0",
          "ZOrder": 0,
          "actiontag": 25412876,
          "anchorPointX": 0.5,
          "anchorPointY": 0.5,
          "classType": "CocoStudio.EngineAdapterWrap.CSLabel",
          "colorB": 147,
          "colorG": 191,
          "colorR": 152,
          "customProperty": "",
          "flipX": false,
          "flipY": false,
          "height": 39,
          "ignoreSize": true,
          "layoutParameter": null,
          "opacity": 255,
          "positionPercentX": 0.1546875,
          "positionPercentY": 0.7375,
          "positionType": 0,
          "rotation": 0,
          "scaleX": 1,
          "scaleY": 1,
          "sizePercentX": 0.046875,
          "sizePercentY": 0.0541666672,
          "sizeType": 0,
          "tag": 594,
          "touchAble": false,
          "useMergedTexture": false,
          "visible": true,
          "width": 60,
          "x": 198,
          "y": 531,
          "areaHeight": 0,
          "areaWidth": 0,
          "fontFile": null,
          "fontName": "微软雅黑",
          "fontSize": 30,
          "hAlignment": 0,
          "text": "排名",
          "touchScaleEnable": false,
          "vAlignment": 0
        }
      },
      {
        "classname": "Label",
        "name": null,
        "children": [],
        "options": {
          "__type": "LabelSurrogate:#EditorCommon.JsonModel.Component.GUI",
          "classname": "Label",
          "name": "Label_8_1",
          "ZOrder": 0,
          "actiontag": 39528116,
          "anchorPointX": 0.5,
          "anchorPointY": 0.5,
          "classType": "CocoStudio.EngineAdapterWrap.CSLabel",
          "colorB": 147,
          "colorG": 191,
          "colorR": 152,
          "customProperty": "",
          "flipX": false,
          "flipY": false,
          "height": 39,
          "ignoreSize": true,
          "layoutParameter": null,
          "opacity": 255,
          "positionPercentX": 0.3609375,
          "positionPercentY": 0.7375,
          "positionType": 0,
          "rotation": 0,
          "scaleX": 1,
          "scaleY": 1,
          "sizePercentX": 0.0703125,
          "sizePercentY": 0.0541666672,
          "sizeType": 0,
          "tag": 595,
          "touchAble": false,
          "useMergedTexture": false,
          "visible": true,
          "width": 90,
          "x": 462,
          "y": 531,
          "areaHeight": 0,
          "areaWidth": 0,
          "fontFile": null,
          "fontName": "微软雅黑",
          "fontSize": 30,
          "hAlignment": 0,
          "text": "用户名",
          "touchScaleEnable": false,
          "vAlignment": 0
        }
      },
      {
        "classname": "Panel",
        "name": null,
        "children": [],
        "options": {
          "__type": "PanelSurrogate:#EditorCommon.JsonModel.Component.GUI",
          "classname": "Panel",
          "name": "rankPanel",
          "ZOrder": 0,
          "actiontag": 60745976,
          "anchorPointX": 0,
          "anchorPointY": 0,
          "classType": "CocoStudio.EngineAdapterWrap.CSPanel",
          "colorB": 255,
          "colorG": 255,
          "colorR": 255,
          "customProperty": "",
          "flipX": false,
          "flipY": false,
          "height": 460,
          "ignoreSize": false,
          "layoutParameter": null,
          "opacity": 255,
          "positionPercentX": 0.0530940779,
          "positionPercentY": 0.05293664,
          "positionType": 1,
          "rotation": 0,
          "scaleX": 1,
          "scaleY": 1,
          "sizePercentX": 0.8984375,
          "sizePercentY": 0.6388889,
          "sizeType": 0,
          "tag": 596,
          "touchAble": true,
          "useMergedTexture": false,
          "visible": true,
          "width": 1150,
          "x": 67,
          "y": 38,
          "adaptScreen": false,
          "backGroundImage": null,
          "backGroundImageData": null,
          "backGroundScale9Enable": false,
          "bgColorB": 255,
          "bgColorG": 200,
          "bgColorOpacity": 0,
          "bgColorR": 150,
          "bgEndColorB": 255,
          "bgEndColorG": 200,
          "bgEndColorR": 150,
          "bgStartColorB": 255,
          "bgStartColorG": 255,
          "bgStartColorR": 255,
          "capInsetsHeight": 1,
          "capInsetsWidth": 1,
          "capInsetsX": 0,
          "capInsetsY": 0,
          "clipAble": false,
          "colorType": 1,
          "layoutType": 0,
          "vectorX": 0,
          "vectorY": -0.5
        }
      },
      {
        "classname": "Label",
        "name": null,
        "children": [],
        "options": {
          "__type": "LabelSurrogate:#EditorCommon.JsonModel.Component.GUI",
          "classname": "Label",
          "name": "typeLabel2",
          "ZOrder": 0,
          "actiontag": 11393217,
          "anchorPointX": 0.5,
          "anchorPointY": 0.5,
          "classType": "CocoStudio.EngineAdapterWrap.CSLabel",
          "colorB": 147,
          "colorG": 191,
          "colorR": 152,
          "customProperty": "",
          "flipX": false,
          "flipY": false,
          "height": 39,
          "ignoreSize": true,
          "layoutParameter": null,
          "opacity": 255,
          "positionPercentX": 0.8460938,
          "positionPercentY": 0.747222245,
          "positionType": 0,
          "rotation": 0,
          "scaleX": 1,
          "scaleY": 1,
          "sizePercentX": 0.0703125,
          "sizePercentY": 0.0541666672,
          "sizeType": 0,
          "tag": 641,
          "touchAble": false,
          "useMergedTexture": false,
          "visible": false,
          "width": 90,
          "x": 1083,
          "y": 538,
          "areaHeight": 0,
          "areaWidth": 0,
          "fontFile": null,
          "fontName": "微软雅黑",
          "fontSize": 30,
          "hAlignment": 0,
          "text": "进度值",
          "touchScaleEnable": false,
          "vAlignment": 0
        }
      },
      {
        "classname": "Label",
        "name": null,
        "children": [],
        "options": {
          "__type": "LabelSurrogate:#EditorCommon.JsonModel.Component.GUI",
          "classname": "Label",
          "name": "typeLabel3",
          "ZOrder": 0,
          "actiontag": 55280795,
          "anchorPointX": 0.5,
          "anchorPointY": 0.5,
          "classType": "CocoStudio.EngineAdapterWrap.CSLabel",
          "colorB": 147,
          "colorG": 191,
          "colorR": 152,
          "customProperty": "",
          "flipX": false,
          "flipY": false,
          "height": 39,
          "ignoreSize": true,
          "layoutParameter": null,
          "opacity": 255,
          "positionPercentX": 0.8460938,
          "positionPercentY": 0.747222245,
          "positionType": 0,
          "rotation": 0,
          "scaleX": 1,
          "scaleY": 1,
          "sizePercentX": 0.09375,
          "sizePercentY": 0.0541666672,
          "sizeType": 0,
          "tag": 642,
          "touchAble": false,
          "useMergedTexture": false,
          "visible": false,
          "width": 120,
          "x": 1083,
          "y": 538,
          "areaHeight": 0,
          "areaWidth": 0,
          "fontFile": null,
          "fontName": "微软雅黑",
          "fontSize": 30,
          "hAlignment": 0,
          "text": "黄金数量",
          "touchScaleEnable": false,
          "vAlignment": 0
        }
      }
    ],
    "options": {
      "__type": "PanelSurrogate:#EditorCommon.JsonModel.Component.GUI",
      "classname": "Panel",
      "name": "Panel_4",
      "ZOrder": 0,
      "actiontag": -1,
      "anchorPointX": 0,
      "anchorPointY": 0,
      "classType": "CocoStudio.EngineAdapterWrap.CSPanel",
      "colorB": 255,
      "colorG": 255,
      "colorR": 255,
      "customProperty": "",
      "flipX": false,
      "flipY": false,
      "height": 720,
      "ignoreSize": false,
      "layoutParameter": null,
      "opacity": 255,
      "positionPercentX": 0,
      "positionPercentY": 0,
      "positionType": 0,
      "rotation": 0,
      "scaleX": 1,
      "scaleY": 1,
      "sizePercentX": 1,
      "sizePercentY": 1,
      "sizeType": 0,
      "tag": 583,
      "touchAble": true,
      "useMergedTexture": false,
      "visible": true,
      "width": 1280,
      "x": 0,
      "y": 0,
      "adaptScreen": false,
      "backGroundImage": null,
      "backGroundImageData": null,
      "backGroundScale9Enable": false,
      "bgColorB": 255,
      "bgColorG": 200,
      "bgColorOpacity": 0,
      "bgColorR": 150,
      "bgEndColorB": 255,
      "bgEndColorG": 200,
      "bgEndColorR": 150,
      "bgStartColorB": 255,
      "bgStartColorG": 255,
      "bgStartColorR": 255,
      "capInsetsHeight": 1,
      "capInsetsWidth": 1,
      "capInsetsX": 0,
      "capInsetsY": 0,
      "clipAble": false,
      "colorType": 1,
      "layoutType": 0,
      "vectorX": 0,
      "vectorY": -0.5
    }
  }
}