{
  "classname": null,
  "name": null,
  "animation": {
    "classname": null,
    "name": "AnimationManager",
    "actionlist": [
      {
        "classname": null,
        "name": "rotate",
        "actionnodelist": [
          {
            "classname": null,
            "name": "Image_6_1",
            "ActionTag": 35796326,
            "actionframelist": [
              {
                "classname": null,
                "name": null,
                "colorb": 255,
                "colorg": 255,
                "colorr": 255,
                "frameid": 0,
                "opacity": 255,
                "positionx": 693,
                "positiony": 292,
                "rotation": 0,
                "scalex": 0.138557419,
                "scaley": 0.138557419,
                "starttime": 0,
                "tweenParameter": [
                  0,
                  0,
                  1,
                  1
                ],
                "tweenType": 0,
                "visible": false
              },
              {
                "classname": null,
                "name": null,
                "colorb": 255,
                "colorg": 255,
                "colorr": 255,
                "frameid": 1,
                "opacity": 255,
                "positionx": 693,
                "positiony": 292,
                "rotation": 0,
                "scalex": 0.217723042,
                "scaley": 0.217723042,
                "starttime": 0,
                "tweenParameter": [
                  0,
                  0,
                  1,
                  1
                ],
                "tweenType": 0,
                "visible": false
              },
              {
                "classname": null,
                "name": null,
                "colorb": 255,
                "colorg": 255,
                "colorr": 255,
                "frameid": 2,
                "opacity": 255,
                "positionx": 693,
                "positiony": 292,
                "rotation": 0,
                "scalex": 0.8,
                "scaley": 0.8,
                "starttime": 0,
                "tweenParameter": [
                  0,
                  0,
                  1,
                  1
                ],
                "tweenType": 0,
                "visible": false
              },
              {
                "classname": null,
                "name": null,
                "colorb": 255,
                "colorg": 255,
                "colorr": 255,
                "frameid": 3,
                "opacity": 255,
                "positionx": 693,
                "positiony": 292,
                "rotation": 0,
                "scalex": 0.101635069,
                "scaley": 0.101635069,
                "starttime": 0,
                "tweenParameter": [
                  0,
                  0,
                  1,
                  1
                ],
                "tweenType": 0,
                "visible": false
              }
            ]
          },
          {
            "classname": null,
            "name": "Image_6_0",
            "ActionTag": 50910145,
            "actionframelist": [
              {
                "classname": null,
                "name": null,
                "colorb": 255,
                "colorg": 255,
                "colorr": 255,
                "frameid": 0,
                "opacity": 255,
                "positionx": 677,
                "positiony": 452,
                "rotation": 0,
                "scalex": 0.3,
                "scaley": 0.3,
                "starttime": 0,
                "tweenParameter": [
                  0,
                  0,
                  1,
                  1
                ],
                "tweenType": 0,
                "visible": false
              },
              {
                "classname": null,
                "name": null,
                "colorb": 255,
                "colorg": 255,
                "colorr": 255,
                "frameid": 1,
                "opacity": 255,
                "positionx": 677,
                "positiony": 452,
                "rotation": 0,
                "scalex": 0.5,
                "scaley": 0.5,
                "starttime": 0,
                "tweenParameter": [
                  0,
                  0,
                  1,
                  1
                ],
                "tweenType": 0,
                "visible": false
              },
              {
                "classname": null,
                "name": null,
                "colorb": 255,
                "colorg": 255,
                "colorr": 255,
                "frameid": 2,
                "opacity": 255,
                "positionx": 677,
                "positiony": 452,
                "rotation": 0,
                "scalex": 0.7,
                "scaley": 0.7,
                "starttime": 0,
                "tweenParameter": [
                  0,
                  0,
                  1,
                  1
                ],
                "tweenType": 0,
                "visible": false
              },
              {
                "classname": null,
                "name": null,
                "colorb": 255,
                "colorg": 255,
                "colorr": 255,
                "frameid": 3,
                "opacity": 255,
                "positionx": 677,
                "positiony": 452,
                "rotation": 0,
                "scalex": 0.3,
                "scaley": 0.3,
                "starttime": 0,
                "tweenParameter": [
                  0,
                  0,
                  1,
                  1
                ],
                "tweenType": 0,
                "visible": false
              }
            ]
          },
          {
            "classname": null,
            "name": "Image_7",
            "ActionTag": 41358586,
            "actionframelist": [
              {
                "classname": null,
                "name": null,
                "colorb": 255,
                "colorg": 255,
                "colorr": 255,
                "frameid": 0,
                "opacity": 255,
                "positionx": 578,
                "positiony": 401,
                "rotation": 0,
                "scalex": 0.4,
                "scaley": 0.4,
                "starttime": 0,
                "tweenParameter": [
                  0,
                  0,
                  1,
                  1
                ],
                "tweenType": 0,
                "visible": false
              },
              {
                "classname": null,
                "name": null,
                "colorb": 255,
                "colorg": 255,
                "colorr": 255,
                "frameid": 1,
                "opacity": 255,
                "positionx": 578,
                "positiony": 401,
                "rotation": 0,
                "scalex": 0.91772306,
                "scaley": 0.91772306,
                "starttime": 0,
                "tweenParameter": [
                  0,
                  0,
                  1,
                  1
                ],
                "tweenType": 0,
                "visible": false
              },
              {
                "classname": null,
                "name": null,
                "colorb": 255,
                "colorg": 255,
                "colorr": 255,
                "frameid": 2,
                "opacity": 255,
                "positionx": 578,
                "positiony": 401,
                "rotation": 0,
                "scalex": 0.9055522,
                "scaley": 0.9055522,
                "starttime": 0,
                "tweenParameter": [
                  0,
                  0,
                  1,
                  1
                ],
                "tweenType": 0,
                "visible": false
              },
              {
                "classname": null,
                "name": null,
                "colorb": 255,
                "colorg": 255,
                "colorr": 255,
                "frameid": 3,
                "opacity": 255,
                "positionx": 578,
                "positiony": 401,
                "rotation": 0,
                "scalex": 0.4,
                "scaley": 0.4,
                "starttime": 0,
                "tweenParameter": [
                  0,
                  0,
                  1,
                  1
                ],
                "tweenType": 0,
                "visible": false
              }
            ]
          },
          {
            "classname": null,
            "name": "Image_6",
            "ActionTag": 54405161,
            "actionframelist": [
              {
                "classname": null,
                "name": null,
                "colorb": 255,
                "colorg": 255,
                "colorr": 255,
                "frameid": 0,
                "opacity": 255,
                "positionx": 550,
                "positiony": 380,
                "rotation": 0,
                "scalex": 0.4461858,
                "scaley": 0.4461858,
                "starttime": 0,
                "tweenParameter": [
                  0,
                  0,
                  1,
                  1
                ],
                "tweenType": 0,
                "visible": false
              },
              {
                "classname": null,
                "name": null,
                "colorb": 255,
                "colorg": 255,
                "colorr": 255,
                "frameid": 1,
                "opacity": 255,
                "positionx": 550,
                "positiony": 380,
                "rotation": 0,
                "scalex": 0.472574353,
                "scaley": 0.472574353,
                "starttime": 0,
                "tweenParameter": [
                  0,
                  0,
                  1,
                  1
                ],
                "tweenType": 0,
                "visible": false
              },
              {
                "classname": null,
                "name": null,
                "colorb": 255,
                "colorg": 255,
                "colorr": 255,
                "frameid": 2,
                "opacity": 255,
                "positionx": 550,
                "positiony": 380,
                "rotation": 0,
                "scalex": 0.8,
                "scaley": 0.8,
                "starttime": 0,
                "tweenParameter": [
                  0,
                  0,
                  1,
                  1
                ],
                "tweenType": 0,
                "visible": false
              },
              {
                "classname": null,
                "name": null,
                "colorb": 255,
                "colorg": 255,
                "colorr": 255,
                "frameid": 3,
                "opacity": 255,
                "positionx": 550,
                "positiony": 380,
                "rotation": 0,
                "scalex": 0.4783198,
                "scaley": 0.4783198,
                "starttime": 0,
                "tweenParameter": [
                  0,
                  0,
                  1,
                  1
                ],
                "tweenType": 0,
                "visible": false
              }
            ]
          },
          {
            "classname": null,
            "name": "rotateImage",
            "ActionTag": 6609669,
            "actionframelist": [
              {
                "classname": null,
                "name": null,
                "colorb": 255,
                "colorg": 255,
                "colorr": 255,
                "frameid": 0,
                "opacity": 255,
                "positionx": 640,
                "positiony": 360,
                "rotation": 0,
                "scalex": 1,
                "scaley": 1,
                "starttime": 0,
                "tweenParameter": [
                  0,
                  0,
                  1,
                  1
                ],
                "tweenType": 0,
                "visible": false
              },
              {
                "classname": null,
                "name": null,
                "colorb": 255,
                "colorg": 255,
                "colorr": 255,
                "frameid": 3,
                "opacity": 255,
                "positionx": 640,
                "positiony": 360,
                "rotation": 1080,
                "scalex": 1,
                "scaley": 1,
                "starttime": 0,
                "tweenParameter": [
                  0,
                  0,
                  1,
                  1
                ],
                "tweenType": 0,
                "visible": false
              }
            ]
          }
        ],
        "loop": true,
        "unittime": 1
      }
    ]
  },
  "dataScale": 1,
  "designHeight": 720,
  "designWidth": 1280,
  "textures": [],
  "texturesPng": [
    "7tianjianglibeijing.png",
    "lingquanniuliangse.png",
    "lingquanniuhuise.png",
    "guanbianniu.png",
    "wupinbeijingkuangjintian.png",
    "wupinbeijingkuangqita.png",
    "Date1 .png",
    "jiangliwupin.png",
    "yijinglingquguodetishi.png",
    "Date2.png",
    "Date3.png",
    "Date4.png",
    "Date5.png",
    "Date6.png",
    "Date7.png",
    "biaoti.png",
    "xuanzhuandebeijingguangquan.png",
    "beijingguangquan.png",
    "jiangliwupin.png",
    "quedinganniu.png",
    "shanliangdexingxing.png"
  ],
  "version": "1.6.0.0",
  "widgetTree": {
    "classname": "Panel",
    "name": null,
    "children": [
      {
        "classname": "ImageView",
        "name": null,
        "children": [],
        "options": {
          "__type": "ImageViewSurrogate:#EditorCommon.JsonModel.Component.GUI",
          "classname": "ImageView",
          "name": "Image_1",
          "ZOrder": 0,
          "actiontag": 62194118,
          "anchorPointX": 0.5,
          "anchorPointY": 0.5,
          "classType": "CocoStudio.EngineAdapterWrap.CSImageView",
          "colorB": 255,
          "colorG": 255,
          "colorR": 255,
          "customProperty": "",
          "flipX": false,
          "flipY": false,
          "height": 87,
          "ignoreSize": true,
          "layoutParameter": null,
          "opacity": 255,
          "positionPercentX": 0.5,
          "positionPercentY": 0.8,
          "positionType": 1,
          "rotation": 0,
          "scaleX": 1,
          "scaleY": 1,
          "sizePercentX": 0.338281244,
          "sizePercentY": 0.12083333,
          "sizeType": 0,
          "tag": 484,
          "touchAble": false,
          "useMergedTexture": false,
          "visible": true,
          "width": 433,
          "x": 640,
          "y": 576,
          "capInsetsHeight": 1,
          "capInsetsWidth": 1,
          "capInsetsX": 0,
          "capInsetsY": 0,
          "fileName": null,
          "fileNameData": {
            "path": "biaoti.png",
            "plistFile": "",
            "resourceType": 0
          },
          "scale9Enable": false,
          "scale9Height": 87,
          "scale9Width": 433
        }
      },
      {
        "classname": "ImageView",
        "name": null,
        "children": [],
        "options": {
          "__type": "ImageViewSurrogate:#EditorCommon.JsonModel.Component.GUI",
          "classname": "ImageView",
          "name": "rotateImage",
          "ZOrder": 0,
          "actiontag": 6609669,
          "anchorPointX": 0.5,
          "anchorPointY": 0.5,
          "classType": "CocoStudio.EngineAdapterWrap.CSImageView",
          "colorB": 255,
          "colorG": 255,
          "colorR": 255,
          "customProperty": "",
          "flipX": false,
          "flipY": false,
          "height": 251,
          "ignoreSize": true,
          "layoutParameter": null,
          "opacity": 255,
          "positionPercentX": 0.5,
          "positionPercentY": 0.5,
          "positionType": 1,
          "rotation": 0,
          "scaleX": 1,
          "scaleY": 1,
          "sizePercentX": 0.196093753,
          "sizePercentY": 0.348611116,
          "sizeType": 0,
          "tag": 488,
          "touchAble": false,
          "useMergedTexture": false,
          "visible": true,
          "width": 251,
          "x": 640,
          "y": 360,
          "capInsetsHeight": 1,
          "capInsetsWidth": 1,
          "capInsetsX": 0,
          "capInsetsY": 0,
          "fileName": null,
          "fileNameData": {
            "path": "xuanzhuandebeijingguangquan.png",
            "plistFile": "",
            "resourceType": 0
          },
          "scale9Enable": false,
          "scale9Height": 251,
          "scale9Width": 251
        }
      },
      {
        "classname": "ImageView",
        "name": null,
        "children": [],
        "options": {
          "__type": "ImageViewSurrogate:#EditorCommon.JsonModel.Component.GUI",
          "classname": "ImageView",
          "name": "Image_19",
          "ZOrder": 0,
          "actiontag": 62032618,
          "anchorPointX": 0.5,
          "anchorPointY": 0.5,
          "classType": "CocoStudio.EngineAdapterWrap.CSImageView",
          "colorB": 255,
          "colorG": 255,
          "colorR": 255,
          "customProperty": "",
          "flipX": false,
          "flipY": false,
          "height": 130,
          "ignoreSize": true,
          "layoutParameter": null,
          "opacity": 255,
          "positionPercentX": 0.497656256,
          "positionPercentY": 0.498611122,
          "positionType": 0,
          "rotation": 0,
          "scaleX": 1,
          "scaleY": 1,
          "sizePercentX": 0.1,
          "sizePercentY": 0.180555552,
          "sizeType": 0,
          "tag": 502,
          "touchAble": false,
          "useMergedTexture": false,
          "visible": true,
          "width": 128,
          "x": 637,
          "y": 359,
          "capInsetsHeight": 1,
          "capInsetsWidth": 1,
          "capInsetsX": 0,
          "capInsetsY": 0,
          "fileName": null,
          "fileNameData": {
            "path": "beijingguangquan.png",
            "plistFile": "",
            "resourceType": 0
          },
          "scale9Enable": false,
          "scale9Height": 130,
          "scale9Width": 128
        }
      },
      {
        "classname": "ImageView",
        "name": null,
        "children": [
          {
            "classname": "Label",
            "name": null,
            "children": [],
            "options": {
              "__type": "LabelSurrogate:#EditorCommon.JsonModel.Component.GUI",
              "classname": "Label",
              "name": "numLabel",
              "ZOrder": 0,
              "actiontag": 33994680,
              "anchorPointX": 1,
              "anchorPointY": 0.5,
              "classType": "CocoStudio.EngineAdapterWrap.CSLabel",
              "colorB": 255,
              "colorG": 255,
              "colorR": 255,
              "customProperty": "",
              "flipX": false,
              "flipY": false,
              "height": 20,
              "ignoreSize": true,
              "layoutParameter": null,
              "opacity": 255,
              "positionPercentX": 0.416666657,
              "positionPercentY": -0.3611111,
              "positionType": 1,
              "rotation": 0,
              "scaleX": 1,
              "scaleY": 1,
              "sizePercentX": 0.222222224,
              "sizePercentY": 0.185185179,
              "sizeType": 0,
              "tag": 487,
              "touchAble": false,
              "useMergedTexture": false,
              "visible": true,
              "width": 24,
              "x": 45,
              "y": -39,
              "areaHeight": 0,
              "areaWidth": 0,
              "fontFile": null,
              "fontName": "微软雅黑",
              "fontSize": 14,
              "hAlignment": 2,
              "text": "100",
              "touchScaleEnable": false,
              "vAlignment": 0
            }
          }
        ],
        "options": {
          "__type": "ImageViewSurrogate:#EditorCommon.JsonModel.Component.GUI",
          "classname": "ImageView",
          "name": "propImage",
          "ZOrder": 1,
          "actiontag": 51005947,
          "anchorPointX": 0.5,
          "anchorPointY": 0.5,
          "classType": "CocoStudio.EngineAdapterWrap.CSImageView",
          "colorB": 255,
          "colorG": 255,
          "colorR": 255,
          "customProperty": "",
          "flipX": false,
          "flipY": false,
          "height": 108,
          "ignoreSize": true,
          "layoutParameter": null,
          "opacity": 255,
          "positionPercentX": 0.5,
          "positionPercentY": 0.5,
          "positionType": 1,
          "rotation": 0,
          "scaleX": 1,
          "scaleY": 1,
          "sizePercentX": 0.084375,
          "sizePercentY": 0.15,
          "sizeType": 0,
          "tag": 485,
          "touchAble": false,
          "useMergedTexture": false,
          "visible": true,
          "width": 108,
          "x": 640,
          "y": 360,
          "capInsetsHeight": 1,
          "capInsetsWidth": 1,
          "capInsetsX": 0,
          "capInsetsY": 0,
          "fileName": null,
          "fileNameData": {
            "path": "jiangliwupin.png",
            "plistFile": "",
            "resourceType": 0
          },
          "scale9Enable": false,
          "scale9Height": 108,
          "scale9Width": 108
        }
      },
      {
        "classname": "Button",
        "name": null,
        "children": [],
        "options": {
          "__type": "ButtonSurrogate:#EditorCommon.JsonModel.Component.GUI",
          "classname": "Button",
          "name": "enterButton",
          "ZOrder": 0,
          "actiontag": 41425962,
          "anchorPointX": 0.5,
          "anchorPointY": 0.5,
          "classType": "CocoStudio.EngineAdapterWrap.CSButton",
          "colorB": 255,
          "colorG": 255,
          "colorR": 255,
          "customProperty": "",
          "flipX": false,
          "flipY": false,
          "height": 60,
          "ignoreSize": true,
          "layoutParameter": null,
          "opacity": 255,
          "positionPercentX": 0.5,
          "positionPercentY": 0.15,
          "positionType": 1,
          "rotation": 0,
          "scaleX": 1,
          "scaleY": 1,
          "sizePercentX": 0.117968753,
          "sizePercentY": 0.0833333358,
          "sizeType": 0,
          "tag": 486,
          "touchAble": true,
          "useMergedTexture": false,
          "visible": true,
          "width": 151,
          "x": 640,
          "y": 108,
          "capInsetsHeight": 1,
          "capInsetsWidth": 1,
          "capInsetsX": 0,
          "capInsetsY": 0,
          "disabled": null,
          "disabledData": {
            "path": null,
            "plistFile": null,
            "resourceType": 0
          },
          "fontName": "微软雅黑",
          "fontSize": 14,
          "fontType": 0,
          "normal": null,
          "normalData": {
            "path": "quedinganniu.png",
            "plistFile": "",
            "resourceType": 0
          },
          "pressed": null,
          "pressedData": {
            "path": null,
            "plistFile": null,
            "resourceType": 0
          },
          "scale9Enable": false,
          "scale9Height": 60,
          "scale9Width": 151,
          "text": "",
          "textColorB": 255,
          "textColorG": 255,
          "textColorR": 255
        }
      },
      {
        "classname": "ImageView",
        "name": null,
        "children": [],
        "options": {
          "__type": "ImageViewSurrogate:#EditorCommon.JsonModel.Component.GUI",
          "classname": "ImageView",
          "name": "Image_6",
          "ZOrder": 2,
          "actiontag": 54405161,
          "anchorPointX": 0.5,
          "anchorPointY": 0.5,
          "classType": "CocoStudio.EngineAdapterWrap.CSImageView",
          "colorB": 255,
          "colorG": 255,
          "colorR": 255,
          "customProperty": "",
          "flipX": false,
          "flipY": false,
          "height": 23,
          "ignoreSize": true,
          "layoutParameter": null,
          "opacity": 255,
          "positionPercentX": 0.4296875,
          "positionPercentY": 0.5277778,
          "positionType": 0,
          "rotation": 0,
          "scaleX": 0.5,
          "scaleY": 0.5,
          "sizePercentX": 0.01796875,
          "sizePercentY": 0.0319444463,
          "sizeType": 0,
          "tag": 489,
          "touchAble": false,
          "useMergedTexture": false,
          "visible": true,
          "width": 23,
          "x": 550,
          "y": 380,
          "capInsetsHeight": 1,
          "capInsetsWidth": 1,
          "capInsetsX": 0,
          "capInsetsY": 0,
          "fileName": null,
          "fileNameData": {
            "path": "shanliangdexingxing.png",
            "plistFile": "",
            "resourceType": 0
          },
          "scale9Enable": false,
          "scale9Height": 23,
          "scale9Width": 23
        }
      },
      {
        "classname": "ImageView",
        "name": null,
        "children": [],
        "options": {
          "__type": "ImageViewSurrogate:#EditorCommon.JsonModel.Component.GUI",
          "classname": "ImageView",
          "name": "Image_7",
          "ZOrder": 2,
          "actiontag": 41358586,
          "anchorPointX": 0.5,
          "anchorPointY": 0.5,
          "classType": "CocoStudio.EngineAdapterWrap.CSImageView",
          "colorB": 255,
          "colorG": 255,
          "colorR": 255,
          "customProperty": "",
          "flipX": false,
          "flipY": false,
          "height": 23,
          "ignoreSize": true,
          "layoutParameter": null,
          "opacity": 255,
          "positionPercentX": 0.4515625,
          "positionPercentY": 0.55694443,
          "positionType": 0,
          "rotation": 0,
          "scaleX": 1,
          "scaleY": 1,
          "sizePercentX": 0.01796875,
          "sizePercentY": 0.0319444463,
          "sizeType": 0,
          "tag": 490,
          "touchAble": false,
          "useMergedTexture": false,
          "visible": true,
          "width": 23,
          "x": 578,
          "y": 401,
          "capInsetsHeight": 1,
          "capInsetsWidth": 1,
          "capInsetsX": 0,
          "capInsetsY": 0,
          "fileName": null,
          "fileNameData": {
            "path": "shanliangdexingxing.png",
            "plistFile": "",
            "resourceType": 0
          },
          "scale9Enable": false,
          "scale9Height": 23,
          "scale9Width": 23
        }
      },
      {
        "classname": "ImageView",
        "name": null,
        "children": [],
        "options": {
          "__type": "ImageViewSurrogate:#EditorCommon.JsonModel.Component.GUI",
          "classname": "ImageView",
          "name": "Image_6_0",
          "ZOrder": 2,
          "actiontag": 50910145,
          "anchorPointX": 0.5,
          "anchorPointY": 0.5,
          "classType": "CocoStudio.EngineAdapterWrap.CSImageView",
          "colorB": 255,
          "colorG": 255,
          "colorR": 255,
          "customProperty": "",
          "flipX": false,
          "flipY": false,
          "height": 23,
          "ignoreSize": true,
          "layoutParameter": null,
          "opacity": 255,
          "positionPercentX": 0.5289062,
          "positionPercentY": 0.627777755,
          "positionType": 0,
          "rotation": 0,
          "scaleX": 1,
          "scaleY": 1,
          "sizePercentX": 0.01796875,
          "sizePercentY": 0.0319444463,
          "sizeType": 0,
          "tag": 492,
          "touchAble": false,
          "useMergedTexture": false,
          "visible": true,
          "width": 23,
          "x": 677,
          "y": 452,
          "capInsetsHeight": 1,
          "capInsetsWidth": 1,
          "capInsetsX": 0,
          "capInsetsY": 0,
          "fileName": null,
          "fileNameData": {
            "path": "shanliangdexingxing.png",
            "plistFile": "",
            "resourceType": 0
          },
          "scale9Enable": false,
          "scale9Height": 23,
          "scale9Width": 23
        }
      },
      {
        "classname": "ImageView",
        "name": null,
        "children": [],
        "options": {
          "__type": "ImageViewSurrogate:#EditorCommon.JsonModel.Component.GUI",
          "classname": "ImageView",
          "name": "Image_6_1",
          "ZOrder": 2,
          "actiontag": 35796326,
          "anchorPointX": 0.5,
          "anchorPointY": 0.5,
          "classType": "CocoStudio.EngineAdapterWrap.CSImageView",
          "colorB": 255,
          "colorG": 255,
          "colorR": 255,
          "customProperty": "",
          "flipX": false,
          "flipY": false,
          "height": 23,
          "ignoreSize": true,
          "layoutParameter": null,
          "opacity": 255,
          "positionPercentX": 0.5414063,
          "positionPercentY": 0.405555546,
          "positionType": 0,
          "rotation": 0,
          "scaleX": 0.3,
          "scaleY": 0.3,
          "sizePercentX": 0.01796875,
          "sizePercentY": 0.0319444463,
          "sizeType": 0,
          "tag": 494,
          "touchAble": false,
          "useMergedTexture": false,
          "visible": true,
          "width": 23,
          "x": 693,
          "y": 292,
          "capInsetsHeight": 1,
          "capInsetsWidth": 1,
          "capInsetsX": 0,
          "capInsetsY": 0,
          "fileName": null,
          "fileNameData": {
            "path": "shanliangdexingxing.png",
            "plistFile": "",
            "resourceType": 0
          },
          "scale9Enable": false,
          "scale9Height": 23,
          "scale9Width": 23
        }
      }
    ],
    "options": {
      "__type": "PanelSurrogate:#EditorCommon.JsonModel.Component.GUI",
      "classname": "Panel",
      "name": "Panel_35",
      "ZOrder": 0,
      "actiontag": -1,
      "anchorPointX": 0,
      "anchorPointY": 0,
      "classType": "CocoStudio.EngineAdapterWrap.CSPanel",
      "colorB": 255,
      "colorG": 255,
      "colorR": 255,
      "customProperty": "",
      "flipX": false,
      "flipY": false,
      "height": 720,
      "ignoreSize": false,
      "layoutParameter": null,
      "opacity": 255,
      "positionPercentX": 0,
      "positionPercentY": 0,
      "positionType": 0,
      "rotation": 0,
      "scaleX": 1,
      "scaleY": 1,
      "sizePercentX": 1,
      "sizePercentY": 1,
      "sizeType": 0,
      "tag": 46,
      "touchAble": true,
      "useMergedTexture": false,
      "visible": true,
      "width": 1280,
      "x": 0,
      "y": 0,
      "adaptScreen": false,
      "backGroundImage": null,
      "backGroundImageData": null,
      "backGroundScale9Enable": false,
      "bgColorB": 0,
      "bgColorG": 0,
      "bgColorOpacity": 188,
      "bgColorR": 0,
      "bgEndColorB": 255,
      "bgEndColorG": 200,
      "bgEndColorR": 150,
      "bgStartColorB": 255,
      "bgStartColorG": 255,
      "bgStartColorR": 255,
      "capInsetsHeight": 1,
      "capInsetsWidth": 1,
      "capInsetsX": 0,
      "capInsetsY": 0,
      "clipAble": false,
      "colorType": 1,
      "layoutType": 0,
      "vectorX": 0,
      "vectorY": -0.5
    }
  }
}